<?xml version="1.0"?>
<response><detalle><tipo>P</tipo><nombre>FRENTE JUSTICIALISTA PARA LA VICTORIA</nombre><nombreCandidato><![CDATA[FRENTE JUSTICIALISTA PARA LA VICTORIA<br><span>PEROTTI OMAR ANGEL</span>]]></nombreCandidato><cantidad>20</cantidad><porcentaje>55,56%</porcentaje><imagenCandidato><![CDATA[<img width='50' height='50' src='http://elecciones.santafe.gov.ar/imagenes/e58951c96ac8eb971727d315be346bf79de345d3.jpg'/><img width='50' height='50' src='http://elecciones.santafe.gov.ar/imagenes/f3bf32d86d6aaa9024ba1dd892f95c981a38dfb9.jpg'/>]]></imagenCandidato><imagen><![CDATA[<img width='50' height='50' src='http://elecciones.santafe.gov.ar/imagenes/e58951c96ac8eb971727d315be346bf79de345d3.jpg'/>]]></imagen></detalle><detalle><tipo>P</tipo><nombre>UNION PRO FEDERAL</nombre><nombreCandidato><![CDATA[UNION PRO FEDERAL<br><span>TORRES DEL SEL MIGUEL</span>]]></nombreCandidato><cantidad>10</cantidad><porcentaje>27,78%</porcentaje><imagenCandidato><![CDATA[<img width='50' height='50' src='http://elecciones.santafe.gov.ar/imagenes/8892a29d81f253f569c24c1c9c78af2498fdeca1.jpg'/><img width='50' height='50' src='http://elecciones.santafe.gov.ar/imagenes/2227504f89100629c53fb6da5d7e4caab666b691.jpg'/>]]></imagenCandidato><imagen><![CDATA[<img width='50' height='50' src='http://elecciones.santafe.gov.ar/imagenes/8892a29d81f253f569c24c1c9c78af2498fdeca1.jpg'/>]]></imagen></detalle><detalle><tipo>P</tipo><nombre>FRENTE RENOVADOR DE LA ESPERANZA</nombre><nombreCandidato><![CDATA[FRENTE RENOVADOR DE LA ESPERANZA<br><span>MARTINEZ OSCAR ARIEL "CACHI"</span>]]></nombreCandidato><cantidad>2</cantidad><porcentaje>5,56%</porcentaje><imagenCandidato><![CDATA[<img width='50' height='50' src='http://elecciones.santafe.gov.ar/imagenes/97efd15acaaad0ec1fa4f4a4e87a0c0a33ee51a7.jpg'/><img width='50' height='50' src='http://elecciones.santafe.gov.ar/imagenes/da78b441e95d9ea843c316e310ecc0383646cfb2.jpg'/>]]></imagenCandidato><imagen><![CDATA[<img width='50' height='50' src='http://elecciones.santafe.gov.ar/imagenes/97efd15acaaad0ec1fa4f4a4e87a0c0a33ee51a7.jpg'/>]]></imagen></detalle><detalle><tipo>P</tipo><nombre>FRENTE DE IZQUIERDA Y DE LOS TRABAJADORES</nombre><nombreCandidato><![CDATA[FRENTE DE IZQUIERDA Y DE LOS TRABAJADORES<br><span>CRIVARO OCTAVIO</span>]]></nombreCandidato><cantidad>1</cantidad><porcentaje>2,78%</porcentaje><imagenCandidato><![CDATA[<img width='50' height='50' src='http://elecciones.santafe.gov.ar/imagenes/2b4bae9dab301209add2fc22a23e67e425d90698.jpg'/><img width='50' height='50' src='http://elecciones.santafe.gov.ar/imagenes/62de14890a1652be40622216186543eaa5b7b871.jpg'/>]]></imagenCandidato><imagen><![CDATA[<img width='50' height='50' src='http://elecciones.santafe.gov.ar/imagenes/2b4bae9dab301209add2fc22a23e67e425d90698.jpg'/>]]></imagen></detalle><detalle><tipo>P</tipo><nombre>FRENTE PROGRESISTA CIVICO Y SOCIAL</nombre><nombreCandidato><![CDATA[FRENTE PROGRESISTA CIVICO Y SOCIAL<br><span>LIFSCHITZ MIGUEL</span>]]></nombreCandidato><cantidad>1</cantidad><porcentaje>2,78%</porcentaje><imagenCandidato><![CDATA[<img width='50' height='50' src='http://elecciones.santafe.gov.ar/imagenes/bd4bb7dcc2ebe6f984a903626daa21b05105aca8.jpg'/><img width='50' height='50' src='http://elecciones.santafe.gov.ar/imagenes/a5a6a0af982bf5a23d2f7044b19afbccf60ea331.jpg'/>]]></imagenCandidato><imagen><![CDATA[<img width='50' height='50' src='http://elecciones.santafe.gov.ar/imagenes/bd4bb7dcc2ebe6f984a903626daa21b05105aca8.jpg'/>]]></imagen></detalle><cabecera><departamento>VERA</departamento><localidad>VERA</localidad><local>ESC.N&#xB0;6263 ELINA J.DE CARLEN</local><mesa>7628 </mesa><totalElectores>47</totalElectores><nombreArchivoFax>http://elecciones.santafe.gov.ar/bundles/escrutinio/telegrama/7/7628-99-6.pdf</nombreArchivoFax><totalVotantes>36</totalVotantes><asistencia>76,60%</asistencia><fechaHoraInformacion>14-06-2015 / 20:16:47</fechaHoraInformacion><estadoMesa>4</estadoMesa></cabecera><votos><tipo>E</tipo><nombre>Votos afirmativos emitidos</nombre><nombreCandidato>Votos afirmativos emitidos</nombreCandidato><cantidad>34</cantidad><porcentaje></porcentaje><AVE-cantidad>34</AVE-cantidad><AVE-porcentaje>94,44%</AVE-porcentaje></votos><votos><tipo>S</tipo><nombre>Votos Anulados</nombre><nombreCandidato>Votos Anulados</nombreCandidato><cantidad>0</cantidad><porcentaje>0,00%</porcentaje><ANUL-porcentaje>0,00%</ANUL-porcentaje><ANUL-cantidad>0</ANUL-cantidad></votos><votos><tipo>S</tipo><nombre>Votos en Blanco</nombre><nombreCandidato>Votos en Blanco</nombreCandidato><cantidad>2</cantidad><porcentaje>5,56%</porcentaje><BLAN-porcentaje>5,56%</BLAN-porcentaje><BLAN-cantidad>2</BLAN-cantidad></votos><votos><tipo>S</tipo><nombre>Votos impugnados</nombre><nombreCandidato>Votos impugnados</nombreCandidato><cantidad>0</cantidad><porcentaje>0,00%</porcentaje><IMPU-porcentaje>0,00%</IMPU-porcentaje><IMPU-cantidad>0</IMPU-cantidad></votos><votos><tipo>S</tipo><nombre>Votos Recurridos</nombre><nombreCandidato>Votos Recurridos</nombreCandidato><cantidad>0</cantidad><porcentaje>0,00%</porcentaje><RECU-porcentaje>0,00%</RECU-porcentaje><RECU-cantidad>0</RECU-cantidad></votos><votos><tipo>S</tipo><nombre>Diferencia a determinar en el Escrutinio Definitivo</nombre><nombreCandidato>Diferencia a determinar en el Escrutinio Definitivo</nombreCandidato><cantidad>0</cantidad><porcentaje>0,00%</porcentaje><NOCO-porcentaje>0,00%</NOCO-porcentaje><NOCO-cantidad>0</NOCO-cantidad></votos><votos><tipo>E</tipo><nombre>Total de votos</nombre><nombreCandidato>Total de votos</nombreCandidato><cantidad>36</cantidad><porcentaje>100,00%</porcentaje></votos><votos><tipo>E</tipo><nombre>Votos V&#xE1;lidos Emitidos</nombre><nombreCandidato>Votos V&#xE1;lidos Emitidos</nombreCandidato><cantidad>36</cantidad><porcentaje>100,00%</porcentaje><VOV-cantidad>36</VOV-cantidad><VOV-porcentaje>100,00%</VOV-porcentaje></votos></response>
